<?xml version="1.0" encoding="utf-8" ?>
<dwsync>
<file name="head.inc" server="C:/wamp/www/mywork/maxout/" local="131159823905605920" remote="131159823900000000" Dst="2" />
<file name="headf1.inc" server="C:/wamp/www/mywork/maxout/" local="131159896155650780" remote="131159896150000000" Dst="2" />
<file name="header.inc" server="C:/wamp/www/mywork/maxout/" local="131167674200460760" remote="131167674200000000" Dst="2" />
<file name="headf.inc" server="C:/wamp/www/mywork/maxout/" local="131159895883575219" remote="131159895880000000" Dst="2" />
<file name="head1.inc" server="C:/wamp/www/mywork/maxout/" local="131159878616227313" remote="131159878610000000" Dst="2" />
<file name="favorite.inc" server="C:/wamp/www/mywork/maxout/" local="131166039630233042" remote="131166039630000000" Dst="2" />
<file name="head2.inc" server="C:/wamp/www/mywork/maxout/" local="131159909734839563" remote="131159909730000000" Dst="2" />
<file name="headf2.inc" server="C:/wamp/www/mywork/maxout/" local="131159909670612194" remote="131159909670000000" Dst="2" />
<file name="headf3.inc" server="C:/wamp/www/mywork/maxout/" local="131164130108807895" remote="131164130100000000" Dst="2" />
</dwsync>